pair,timeframe,price,ann_drift_pct,ann_vol_pct,mc_low,mc_high,percentile_rank,p_up_pct,p_down_pct,touch_upper_pct,touch_lower_pct,var_95,cvar_95,expected_price,mc_regime,lookback,forecast,simulations,p2_low,p2_high,edge_pct,edge_dist_pct,signal,sl_ref,tp_ref,width_chg_pct,width_regime,profile,utc
CHFJPY,D,189.84,-17.1,6.68,186.315,192.023,65.4,34.6,65.4,7.2,5.9,-0.0186,-0.0228,189.165,⚡ D STRONG MOMENTUM,90,5,5000,187.1738,191.1642,-30.8,0.69,SHORT,191.35536,187.1738,0.1,STABLE,P2,2026-09-11T02:23:02.353603+00:00
EURCHF,D,0.94441,8.9,3.46,0.93861,0.95338,35.2,64.8,35.2,5.7,7.7,-0.0061,-0.0084,0.946,⚡ D STRONG MOMENTUM,90,5,5000,0.94083,0.95116,29.6,0.38,LONG,0.93989,0.95116,0.1,STABLE,P2,2026-09-11T02:23:02.774936+00:00
GBPCHF,D,1.09877,10.91,4.44,1.08998,1.11208,35.8,64.2,35.8,5.8,7.6,-0.008,-0.0109,1.10103,⚡ D STRONG MOMENTUM,90,5,5000,1.09331,1.10875,28.4,0.5,LONG,1.09221,1.10875,0.1,STABLE,P2,2026-09-11T02:23:03.238663+00:00
USDCHF,D,0.81364,12.77,6.59,0.80344,0.82773,39.1,60.9,39.1,5.9,7.4,-0.0125,-0.0168,0.81557,⚡ D STRONG MOMENTUM,90,5,5000,0.80709,0.82408,21.8,0.81,LONG,0.80629,0.82408,0.2,STABLE,P2,2026-09-11T02:23:04.875356+00:00
CADCHF,D,0.58792,9.6,5.09,0.58219,0.59574,39.3,60.7,39.3,5.9,7.3,-0.0097,-0.013,0.58896,⚡ D STRONG MOMENTUM,90,5,5000,0.58423,0.5937,21.4,0.63,LONG,0.58364,0.5937,0.1,STABLE,P2,2026-09-11T02:23:02.956220+00:00
AUDCHF,D,0.5823,9.75,5.47,0.57614,0.59056,39.8,60.2,39.8,5.9,7.3,-0.0106,-0.0141,0.58335,⚡ D STRONG MOMENTUM,90,5,5000,0.57831,0.58839,20.4,0.69,LONG,0.57773,0.58839,-0.1,STABLE,P2,2026-09-11T02:23:02.870268+00:00
NZDJPY,D,89.792,-10.89,8.35,87.894,91.274,58.1,41.9,58.1,6.7,6.2,-0.0211,-0.0264,89.579,🔹 D NEUTRAL,90,5,5000,88.40254,90.76546,-16.2,1.07,SHORT,90.85622,88.40254,0.1,STABLE,P2,2026-09-11T02:23:02.460806+00:00
EURJPY,D,179.299,-8.2,6.43,176.382,181.581,57.9,42.1,57.9,6.7,6.3,-0.0163,-0.0204,178.978,🔹 D NEUTRAL,90,5,5000,177.16422,180.79878,-15.8,0.83,SHORT,180.97958,177.16422,0.2,STABLE,P2,2026-09-11T02:23:01.837137+00:00
CHFNZD,D,2.1136,-6.21,5.38,2.08507,2.13639,57.3,42.7,57.3,6.7,6.3,-0.0135,-0.0169,2.11071,🔹 D NEUTRAL,90,5,5000,2.09279,2.12867,-14.6,0.71,HOLD,2.0907,2.12867,-0.2,STABLE,P2,2026-09-11T02:23:04.202432+00:00
CADJPY,D,111.619,-7.52,6.74,109.738,113.134,57.1,42.9,57.1,6.7,6.3,-0.0168,-0.0211,111.433,🔹 D NEUTRAL,90,5,5000,110.24895,112.62305,-14.2,0.89,HOLD,110.1387,112.62305,0.2,STABLE,P2,2026-09-11T02:23:02.245634+00:00
AUDJPY,D,110.559,-7.37,7.51,108.509,112.252,56.2,43.8,56.2,6.6,6.3,-0.0185,-0.0233,110.376,🔹 D NEUTRAL,90,5,5000,109.07216,111.68884,-12.4,1.01,HOLD,108.96308,111.68884,0.0,STABLE,P2,2026-09-11T02:23:02.029165+00:00
NZDCHF,D,0.47294,6.22,5.35,0.46774,0.47918,43.9,56.1,43.9,6.0,7.1,-0.011,-0.0144,0.47346,🔹 D NEUTRAL,90,5,5000,0.46946,0.47746,12.2,0.74,HOLD,0.46899,0.47746,-0.1,STABLE,P2,2026-09-11T02:23:03.152635+00:00
GBPJPY,D,208.607,-6.21,7.14,204.959,211.678,55.6,44.4,55.6,6.6,6.4,-0.0175,-0.022,208.312,🔹 D NEUTRAL,90,5,5000,205.96991,210.66709,-11.2,0.98,HOLD,205.76394,210.66709,0.1,STABLE,P2,2026-09-11T02:23:01.932602+00:00
EURUSD,D,1.16104,-3.84,4.46,1.14833,1.17171,55.4,44.6,55.4,6.6,6.4,-0.0109,-0.0138,1.16002,🔹 D NEUTRAL,90,5,5000,1.15185,1.16819,-10.8,0.61,HOLD,1.1507,1.16819,0.0,STABLE,P2,2026-09-11T02:23:04.609594+00:00
NZDUSD,D,0.58153,-6.5,7.94,0.57027,0.59111,55.4,44.6,55.4,6.6,6.4,-0.0194,-0.0244,0.58066,🔹 D NEUTRAL,90,5,5000,0.57341,0.58797,-10.8,1.1,HOLD,0.57283,0.58797,0.0,STABLE,P2,2026-09-11T02:23:04.729999+00:00
EURGBP,D,0.85945,-2.01,3.08,0.85306,0.86501,54.4,45.6,54.4,6.4,6.4,-0.0074,-0.0094,0.85904,🔹 D NEUTRAL,90,5,5000,0.85486,0.86321,-8.8,0.44,HOLD,0.854,0.86321,-0.1,STABLE,P2,2026-09-11T02:23:01.350608+00:00
GBPNZD,D,2.32294,4.71,5.46,2.29615,2.35347,45.6,54.4,45.6,6.0,7.0,-0.0115,-0.015,2.32479,🔹 D NEUTRAL,90,5,5000,2.30477,2.34485,8.8,0.79,HOLD,2.30247,2.34485,-0.1,STABLE,P2,2026-09-11T02:23:03.650536+00:00
USDJPY,D,154.469,-4.35,7.34,151.752,156.872,54.2,45.8,54.2,6.4,6.4,-0.0176,-0.0223,154.307,🔹 D NEUTRAL,90,5,5000,152.52233,156.10167,-8.4,1.05,HOLD,152.36981,156.10167,0.3,STABLE,P2,2026-09-11T02:23:04.943416+00:00
USDCAD,D,1.38389,3.21,3.88,1.37249,1.39677,46.0,54.0,46.0,6.0,6.9,-0.0082,-0.0107,1.38463,🔹 D NEUTRAL,90,5,5000,1.37614,1.39312,8.0,0.56,HOLD,1.37477,1.39312,0.1,STABLE,P2,2026-09-11T02:23:04.817282+00:00
AUDUSD,D,0.71602,-3.02,6.79,0.70451,0.72647,53.2,46.8,53.2,6.4,6.5,-0.0161,-0.0204,0.71547,🔹 D NEUTRAL,90,5,5000,0.70781,0.72317,-6.4,0.99,HOLD,0.70711,0.72317,0.1,STABLE,P2,2026-09-11T02:23:00.797180+00:00
AUDNZD,D,1.23111,3.53,5.26,1.21717,1.24646,47.0,53.0,47.0,6.1,6.9,-0.0113,-0.0147,1.23181,🔹 D NEUTRAL,90,5,5000,1.22158,1.24205,6.0,0.78,HOLD,1.22036,1.24205,0.1,STABLE,P2,2026-09-11T02:23:03.866834+00:00
GBPUSD,D,1.35057,-1.86,5.69,1.33254,1.36723,52.5,47.5,52.5,6.3,6.5,-0.0133,-0.017,1.34987,🔹 D NEUTRAL,90,5,5000,1.33776,1.36201,-5.0,0.84,HOLD,1.33642,1.36201,0.0,STABLE,P2,2026-09-11T02:23:04.664733+00:00
EURNZD,D,1.99638,2.68,5.29,1.97331,2.02107,48.0,52.0,48.0,6.1,6.8,-0.0116,-0.0149,1.99717,🔹 D NEUTRAL,90,5,5000,1.9805,2.01388,4.0,0.8,HOLD,1.97852,2.01388,-0.2,STABLE,P2,2026-09-11T02:23:03.545114+00:00
CADNZD,D,1.2418,3.14,6.53,1.22406,1.26073,48.1,51.9,48.1,6.1,6.8,-0.0143,-0.0185,1.24237,🔹 D NEUTRAL,90,5,5000,1.22958,1.25521,3.8,0.99,HOLD,1.22835,1.25521,-0.1,STABLE,P2,2026-09-11T02:23:03.963113+00:00
EURCAD,D,1.60625,-0.66,3.28,1.59398,1.61781,51.7,48.3,51.7,6.2,6.5,-0.0076,-0.0098,1.60591,⏳ D CONSOLIDATION RANGE,90,5,5000,1.59757,1.61422,-3.4,0.49,HOLD,1.59597,1.61422,-0.1,STABLE,P2,2026-09-11T02:23:04.438871+00:00
EURAUD,D,1.62171,-0.83,4.77,1.60378,1.63872,51.6,48.4,51.6,6.2,6.5,-0.0111,-0.0141,1.62125,⏳ D CONSOLIDATION RANGE,90,5,5000,1.60904,1.63346,-3.2,0.72,HOLD,1.60743,1.63346,-0.0,STABLE,P2,2026-09-11T02:23:03.446189+00:00
GBPCAD,D,1.8688,1.37,4.7,1.84923,1.88895,49.1,50.9,49.1,6.2,6.7,-0.0105,-0.0135,1.86908,⏳ D CONSOLIDATION RANGE,90,5,5000,1.85521,1.88297,1.8,0.73,HOLD,1.85335,1.88297,0.0,STABLE,P2,2026-09-11T02:23:04.343543+00:00
AUDCAD,D,0.99044,0.17,5.89,0.97717,1.00351,50.7,49.3,50.7,6.2,6.6,-0.0134,-0.0172,0.99032,⏳ D CONSOLIDATION RANGE,90,5,5000,0.98113,0.99955,-1.4,0.91,HOLD,0.98015,0.99955,0.1,STABLE,P2,2026-09-11T02:23:04.544067+00:00
GBPAUD,D,1.88673,1.17,5.18,1.86484,1.90903,49.5,50.5,49.5,6.2,6.7,-0.0116,-0.0149,1.88692,⏳ D CONSOLIDATION RANGE,90,5,5000,1.87149,1.90238,1.0,0.81,HOLD,1.86962,1.90238,0.1,STABLE,P2,2026-09-11T02:23:02.556053+00:00
